<?xml version="1.0" encoding="UTF-8"?>
<zabbix_export>
    <version>2.0</version>
    <date>2015-02-19T17:45:47Z</date>
    <groups>
        <group>
            <name>Templates</name>
        </group>
        <group>
            <name>UNIRN_Templates</name>
        </group>
    </groups>
    <templates>
        <template>
            <template>UNIRN Ping - sem agente -</template>
            <name>UNIRN Ping - sem agente -</name>
            <groups>
                <group>
                    <name>Templates</name>
                </group>
                <group>
                    <name>UNIRN_Templates</name>
                </group>
            </groups>
            <applications>
                <application>
                    <name>ICMP</name>
                </application>
            </applications>
            <items>
                <item>
                    <name>ICMP loss</name>
                    <type>3</type>
                    <snmp_community/>
                    <multiplier>0</multiplier>
                    <snmp_oid/>
                    <key>icmppingloss[,10,500,,500]</key>
                    <delay>60</delay>
                    <history>7</history>
                    <trends>365</trends>
                    <status>0</status>
                    <value_type>0</value_type>
                    <allowed_hosts/>
                    <units>%</units>
                    <delta>0</delta>
                    <snmpv3_contextname/>
                    <snmpv3_securityname/>
                    <snmpv3_securitylevel>0</snmpv3_securitylevel>
                    <snmpv3_authprotocol>0</snmpv3_authprotocol>
                    <snmpv3_authpassphrase/>
                    <snmpv3_privprotocol>0</snmpv3_privprotocol>
                    <snmpv3_privpassphrase/>
                    <formula>1</formula>
                    <delay_flex/>
                    <params/>
                    <ipmi_sensor/>
                    <data_type>0</data_type>
                    <authtype>0</authtype>
                    <username/>
                    <password/>
                    <publickey/>
                    <privatekey/>
                    <port/>
                    <description/>
                    <inventory_link>0</inventory_link>
                    <applications>
                        <application>
                            <name>ICMP</name>
                        </application>
                    </applications>
                    <valuemap/>
                </item>
                <item>
                    <name>ICMP ping</name>
                    <type>3</type>
                    <snmp_community/>
                    <multiplier>0</multiplier>
                    <snmp_oid/>
                    <key>icmpping[,5,500,,500]</key>
                    <delay>60</delay>
                    <history>7</history>
                    <trends>365</trends>
                    <status>0</status>
                    <value_type>3</value_type>
                    <allowed_hosts/>
                    <units/>
                    <delta>0</delta>
                    <snmpv3_contextname/>
                    <snmpv3_securityname/>
                    <snmpv3_securitylevel>0</snmpv3_securitylevel>
                    <snmpv3_authprotocol>0</snmpv3_authprotocol>
                    <snmpv3_authpassphrase/>
                    <snmpv3_privprotocol>0</snmpv3_privprotocol>
                    <snmpv3_privpassphrase/>
                    <formula>1</formula>
                    <delay_flex/>
                    <params/>
                    <ipmi_sensor/>
                    <data_type>0</data_type>
                    <authtype>0</authtype>
                    <username/>
                    <password/>
                    <publickey/>
                    <privatekey/>
                    <port/>
                    <description/>
                    <inventory_link>0</inventory_link>
                    <applications>
                        <application>
                            <name>ICMP</name>
                        </application>
                    </applications>
                </item>
                <item>
                    <name>ICMP response time</name>
                    <type>3</type>
                    <snmp_community/>
                    <multiplier>0</multiplier>
                    <snmp_oid/>
                    <key>icmppingsec[,5,500,,500,max]</key>
                    <delay>60</delay>
                    <history>7</history>
                    <trends>365</trends>
                    <status>0</status>
                    <value_type>0</value_type>
                    <allowed_hosts/>
                    <units>s</units>
                    <delta>0</delta>
                    <snmpv3_contextname/>
                    <snmpv3_securityname/>
                    <snmpv3_securitylevel>0</snmpv3_securitylevel>
                    <snmpv3_authprotocol>0</snmpv3_authprotocol>
                    <snmpv3_authpassphrase/>
                    <snmpv3_privprotocol>0</snmpv3_privprotocol>
                    <snmpv3_privpassphrase/>
                    <formula>1</formula>
                    <delay_flex/>
                    <params/>
                    <ipmi_sensor/>
                    <data_type>0</data_type>
                    <authtype>0</authtype>
                    <username/>
                    <password/>
                    <publickey/>
                    <privatekey/>
                    <port/>
                    <description/>
                    <inventory_link>0</inventory_link>
                    <applications>
                        <application>
                            <name>ICMP</name>
                        </application>
                    </applications>
                    <valuemap/>
                </item>
            </items>
            <discovery_rules/>
            <macros/>
            <templates/>
            <screens/>
        </template>
    </templates>
    <triggers>
        <trigger>
            <expression>{UNIRN Ping - sem agente -:icmppingloss[,10,500,,500].min(5m)}&gt;20</expression>
            <name>Alta perda de pacotes para {HOST.NAME} (+20%)</name>
            <url/>
            <status>0</status>
            <priority>3</priority>
            <description/>
            <type>0</type>
            <dependencies>
                <dependency>
                    <name>{HOST.NAME} indisponivel (via ICMP-Ping)</name>
                    <expression>{UNIRN Ping - sem agente -:icmpping[,5,500,,500].last(#2)}=0</expression>
                </dependency>
            </dependencies>
        </trigger>
        <trigger>
            <expression>{UNIRN Ping - sem agente -:icmppingsec[,5,500,,500,max].avg(5m)}&gt;8.00</expression>
            <name>Alto tempo de resposta para {HOST.NAME} (Latencia)</name>
            <url/>
            <status>0</status>
            <priority>2</priority>
            <description/>
            <type>0</type>
            <dependencies>
                <dependency>
                    <name>{HOST.NAME} indisponivel (via ICMP-Ping)</name>
                    <expression>{UNIRN Ping - sem agente -:icmpping[,5,500,,500].last(#2)}=0</expression>
                </dependency>
            </dependencies>
        </trigger>
        <trigger>
            <expression>{UNIRN Ping - sem agente -:icmpping[,5,500,,500].last(#2)}=0</expression>
            <name>{HOST.NAME} indisponivel (via ICMP-Ping)</name>
            <url/>
            <status>0</status>
            <priority>4</priority>
            <description/>
            <type>0</type>
            <dependencies/>
        </trigger>
    </triggers>
</zabbix_export>
