<?xml version="1.0" encoding="UTF-8"?>
<zabbix_export>
    <version>2.0</version>
    <date>2015-03-06T18:45:47Z</date>
    <groups>
        <group>
            <name>WERNECK_Templates</name>
        </group>
        <group>
            <name>Templates</name>
        </group>
    </groups>
    <templates>
        <template>
            <template>WERNECK Template App Zabbix Agent_Windows</template>
            <name>WERNECK Template App Zabbix Agent_Windows</name>
            <groups>
                <group>
                    <name>WERNECK_Templates</name>
                </group>
            </groups>
            <applications>
                <application>
                    <name>Zabbix agent</name>
                </application>
            </applications>
            <items>
                <item>
                    <name>Agent ping</name>
                    <type>0</type>
                    <snmp_community/>
                    <multiplier>0</multiplier>
                    <snmp_oid/>
                    <key>agent.ping</key>
                    <delay>60</delay>
                    <history>7</history>
                    <trends>365</trends>
                    <status>0</status>
                    <value_type>3</value_type>
                    <allowed_hosts/>
                    <units/>
                    <delta>0</delta>
                    <snmpv3_contextname/>
                    <snmpv3_securityname/>
                    <snmpv3_securitylevel>0</snmpv3_securitylevel>
                    <snmpv3_authprotocol>0</snmpv3_authprotocol>
                    <snmpv3_authpassphrase/>
                    <snmpv3_privprotocol>0</snmpv3_privprotocol>
                    <snmpv3_privpassphrase/>
                    <formula>1</formula>
                    <delay_flex/>
                    <params/>
                    <ipmi_sensor/>
                    <data_type>0</data_type>
                    <authtype>0</authtype>
                    <username/>
                    <password/>
                    <publickey/>
                    <privatekey/>
                    <port/>
                    <description>Espécie de ping, mas utilizando a linguagem do agente zabbix, para determinar o status do host monitorado. Retorno=1.</description>
                    <inventory_link>0</inventory_link>
                    <applications>
                        <application>
                            <name>Zabbix agent</name>
                        </application>
                    </applications>
                    <valuemap>
                        <name>Zabbix agent ping status</name>
                    </valuemap>
                </item>
                <item>
                    <name>Memória - Consumo pelo Zabbix_agentd</name>
                    <type>0</type>
                    <snmp_community/>
                    <multiplier>1</multiplier>
                    <snmp_oid/>
                    <key>proc_info[zabbix_agentd.exe,wkset,sum]</key>
                    <delay>60</delay>
                    <history>90</history>
                    <trends>365</trends>
                    <status>0</status>
                    <value_type>0</value_type>
                    <allowed_hosts/>
                    <units>B</units>
                    <delta>0</delta>
                    <snmpv3_contextname/>
                    <snmpv3_securityname/>
                    <snmpv3_securitylevel>0</snmpv3_securitylevel>
                    <snmpv3_authprotocol>0</snmpv3_authprotocol>
                    <snmpv3_authpassphrase/>
                    <snmpv3_privprotocol>0</snmpv3_privprotocol>
                    <snmpv3_privpassphrase/>
                    <formula>1000</formula>
                    <delay_flex/>
                    <params/>
                    <ipmi_sensor/>
                    <data_type>0</data_type>
                    <authtype>0</authtype>
                    <username/>
                    <password/>
                    <publickey/>
                    <privatekey/>
                    <port/>
                    <description>Quantidade de memória utilizada pelo processo Zabbix_agentd.</description>
                    <inventory_link>0</inventory_link>
                    <applications>
                        <application>
                            <name>Zabbix agent</name>
                        </application>
                    </applications>
                    <valuemap/>
                </item>
                <item>
                    <name>Nome do host rodando o zabbix_agentd</name>
                    <type>0</type>
                    <snmp_community/>
                    <multiplier>0</multiplier>
                    <snmp_oid/>
                    <key>agent.hostname</key>
                    <delay>3600</delay>
                    <history>7</history>
                    <trends>365</trends>
                    <status>0</status>
                    <value_type>1</value_type>
                    <allowed_hosts/>
                    <units/>
                    <delta>0</delta>
                    <snmpv3_contextname/>
                    <snmpv3_securityname/>
                    <snmpv3_securitylevel>0</snmpv3_securitylevel>
                    <snmpv3_authprotocol>0</snmpv3_authprotocol>
                    <snmpv3_authpassphrase/>
                    <snmpv3_privprotocol>0</snmpv3_privprotocol>
                    <snmpv3_privpassphrase/>
                    <formula>1</formula>
                    <delay_flex/>
                    <params/>
                    <ipmi_sensor/>
                    <data_type>0</data_type>
                    <authtype>0</authtype>
                    <username/>
                    <password/>
                    <publickey/>
                    <privatekey/>
                    <port/>
                    <description/>
                    <inventory_link>0</inventory_link>
                    <applications>
                        <application>
                            <name>Zabbix agent</name>
                        </application>
                    </applications>
                    <valuemap/>
                </item>
                <item>
                    <name>Processos - Instâncias do Zabbix_agentd (rodando)</name>
                    <type>0</type>
                    <snmp_community/>
                    <multiplier>0</multiplier>
                    <snmp_oid/>
                    <key>perf_counter[&quot;\Process(zabbix_agentd)\Thread Count&quot;]</key>
                    <delay>300</delay>
                    <history>90</history>
                    <trends>365</trends>
                    <status>0</status>
                    <value_type>3</value_type>
                    <allowed_hosts/>
                    <units/>
                    <delta>0</delta>
                    <snmpv3_contextname/>
                    <snmpv3_securityname/>
                    <snmpv3_securitylevel>0</snmpv3_securitylevel>
                    <snmpv3_authprotocol>0</snmpv3_authprotocol>
                    <snmpv3_authpassphrase/>
                    <snmpv3_privprotocol>0</snmpv3_privprotocol>
                    <snmpv3_privpassphrase/>
                    <formula>1</formula>
                    <delay_flex/>
                    <params/>
                    <ipmi_sensor/>
                    <data_type>0</data_type>
                    <authtype>0</authtype>
                    <username/>
                    <password/>
                    <publickey/>
                    <privatekey/>
                    <port/>
                    <description>Quantidade de processos Zabbix_agentd rodando.</description>
                    <inventory_link>0</inventory_link>
                    <applications>
                        <application>
                            <name>Zabbix agent</name>
                        </application>
                    </applications>
                    <valuemap/>
                </item>
                <item>
                    <name>Versão do zabbix_agent(d)</name>
                    <type>0</type>
                    <snmp_community/>
                    <multiplier>0</multiplier>
                    <snmp_oid/>
                    <key>agent.version</key>
                    <delay>3600</delay>
                    <history>7</history>
                    <trends>365</trends>
                    <status>0</status>
                    <value_type>1</value_type>
                    <allowed_hosts/>
                    <units/>
                    <delta>0</delta>
                    <snmpv3_contextname/>
                    <snmpv3_securityname/>
                    <snmpv3_securitylevel>0</snmpv3_securitylevel>
                    <snmpv3_authprotocol>0</snmpv3_authprotocol>
                    <snmpv3_authpassphrase/>
                    <snmpv3_privprotocol>0</snmpv3_privprotocol>
                    <snmpv3_privpassphrase/>
                    <formula>1</formula>
                    <delay_flex/>
                    <params/>
                    <ipmi_sensor/>
                    <data_type>0</data_type>
                    <authtype>0</authtype>
                    <username/>
                    <password/>
                    <publickey/>
                    <privatekey/>
                    <port/>
                    <description/>
                    <inventory_link>0</inventory_link>
                    <applications>
                        <application>
                            <name>Zabbix agent</name>
                        </application>
                    </applications>
                    <valuemap/>
                </item>
            </items>
            <discovery_rules/>
            <macros/>
            <templates/>
            <screens/>
        </template>
        <template>
            <template>WERNECK Template OS Windows</template>
            <name>WERNECK Template OS Windows</name>
            <groups>
                <group>
                    <name>WERNECK_Templates</name>
                </group>
                <group>
                    <name>Templates</name>
                </group>
            </groups>
            <applications>
                <application>
                    <name>CPU</name>
                </application>
                <application>
                    <name>Geral</name>
                </application>
                <application>
                    <name>Interfaces de Rede</name>
                </application>
                <application>
                    <name>Memória</name>
                </application>
                <application>
                    <name>Performance</name>
                </application>
                <application>
                    <name>Processos</name>
                </application>
                <application>
                    <name>S.O</name>
                </application>
                <application>
                    <name>Sistema de Arquivos</name>
                </application>
            </applications>
            <items>
                <item>
                    <name>Carga no processador (último min Todos os Núcleos)</name>
                    <type>0</type>
                    <snmp_community/>
                    <multiplier>0</multiplier>
                    <snmp_oid/>
                    <key>system.cpu.load[all,avg1]</key>
                    <delay>60</delay>
                    <history>7</history>
                    <trends>365</trends>
                    <status>0</status>
                    <value_type>0</value_type>
                    <allowed_hosts/>
                    <units/>
                    <delta>0</delta>
                    <snmpv3_contextname/>
                    <snmpv3_securityname/>
                    <snmpv3_securitylevel>0</snmpv3_securitylevel>
                    <snmpv3_authprotocol>0</snmpv3_authprotocol>
                    <snmpv3_authpassphrase/>
                    <snmpv3_privprotocol>0</snmpv3_privprotocol>
                    <snmpv3_privpassphrase/>
                    <formula>1</formula>
                    <delay_flex/>
                    <params/>
                    <ipmi_sensor/>
                    <data_type>0</data_type>
                    <authtype>0</authtype>
                    <username/>
                    <password/>
                    <publickey/>
                    <privatekey/>
                    <port/>
                    <description>Média da carga de CPU pela quantidade de núcleos (último minuto).</description>
                    <inventory_link>0</inventory_link>
                    <applications>
                        <application>
                            <name>CPU</name>
                        </application>
                        <application>
                            <name>Performance</name>
                        </application>
                    </applications>
                    <valuemap/>
                </item>
                <item>
                    <name>Carga no processador (últimos 5 mins Todos os Núcleos)</name>
                    <type>0</type>
                    <snmp_community/>
                    <multiplier>0</multiplier>
                    <snmp_oid/>
                    <key>system.cpu.load[all,avg5]</key>
                    <delay>60</delay>
                    <history>7</history>
                    <trends>365</trends>
                    <status>0</status>
                    <value_type>0</value_type>
                    <allowed_hosts/>
                    <units/>
                    <delta>0</delta>
                    <snmpv3_contextname/>
                    <snmpv3_securityname/>
                    <snmpv3_securitylevel>0</snmpv3_securitylevel>
                    <snmpv3_authprotocol>0</snmpv3_authprotocol>
                    <snmpv3_authpassphrase/>
                    <snmpv3_privprotocol>0</snmpv3_privprotocol>
                    <snmpv3_privpassphrase/>
                    <formula>1</formula>
                    <delay_flex/>
                    <params/>
                    <ipmi_sensor/>
                    <data_type>0</data_type>
                    <authtype>0</authtype>
                    <username/>
                    <password/>
                    <publickey/>
                    <privatekey/>
                    <port/>
                    <description>Média da carga de CPU pela quantidade de núcleos (últimos cinco minutos).</description>
                    <inventory_link>0</inventory_link>
                    <applications>
                        <application>
                            <name>CPU</name>
                        </application>
                        <application>
                            <name>Performance</name>
                        </application>
                    </applications>
                    <valuemap/>
                </item>
                <item>
                    <name>Carga no processador (últimos 15 mins Todos os Núcleos)</name>
                    <type>0</type>
                    <snmp_community/>
                    <multiplier>0</multiplier>
                    <snmp_oid/>
                    <key>system.cpu.load[all,avg15]</key>
                    <delay>60</delay>
                    <history>7</history>
                    <trends>365</trends>
                    <status>0</status>
                    <value_type>0</value_type>
                    <allowed_hosts/>
                    <units/>
                    <delta>0</delta>
                    <snmpv3_contextname/>
                    <snmpv3_securityname/>
                    <snmpv3_securitylevel>0</snmpv3_securitylevel>
                    <snmpv3_authprotocol>0</snmpv3_authprotocol>
                    <snmpv3_authpassphrase/>
                    <snmpv3_privprotocol>0</snmpv3_privprotocol>
                    <snmpv3_privpassphrase/>
                    <formula>1</formula>
                    <delay_flex/>
                    <params/>
                    <ipmi_sensor/>
                    <data_type>0</data_type>
                    <authtype>0</authtype>
                    <username/>
                    <password/>
                    <publickey/>
                    <privatekey/>
                    <port/>
                    <description>Média da carga de CPU pela quantidade de núcleos (últimos quinze minutos).</description>
                    <inventory_link>0</inventory_link>
                    <applications>
                        <application>
                            <name>CPU</name>
                        </application>
                        <application>
                            <name>Performance</name>
                        </application>
                    </applications>
                    <valuemap/>
                </item>
                <item>
                    <name>CPU - Quantidade de núcleos (total)</name>
                    <type>0</type>
                    <snmp_community/>
                    <multiplier>0</multiplier>
                    <snmp_oid/>
                    <key>system.cpu.num</key>
                    <delay>60</delay>
                    <history>7</history>
                    <trends>365</trends>
                    <status>0</status>
                    <value_type>3</value_type>
                    <allowed_hosts/>
                    <units/>
                    <delta>0</delta>
                    <snmpv3_contextname/>
                    <snmpv3_securityname/>
                    <snmpv3_securitylevel>0</snmpv3_securitylevel>
                    <snmpv3_authprotocol>0</snmpv3_authprotocol>
                    <snmpv3_authpassphrase/>
                    <snmpv3_privprotocol>0</snmpv3_privprotocol>
                    <snmpv3_privpassphrase/>
                    <formula>1</formula>
                    <delay_flex/>
                    <params/>
                    <ipmi_sensor/>
                    <data_type>0</data_type>
                    <authtype>0</authtype>
                    <username/>
                    <password/>
                    <publickey/>
                    <privatekey/>
                    <port/>
                    <description>Quantidade total de núcleos de CPU disponíveis, juntando sockets + threads.</description>
                    <inventory_link>0</inventory_link>
                    <applications>
                        <application>
                            <name>CPU</name>
                        </application>
                        <application>
                            <name>Performance</name>
                        </application>
                    </applications>
                    <valuemap/>
                </item>
                <item>
                    <name>Gravação de arquivos - Bytes por segundo</name>
                    <type>0</type>
                    <snmp_community/>
                    <multiplier>0</multiplier>
                    <snmp_oid/>
                    <key>perf_counter[\2\18]</key>
                    <delay>60</delay>
                    <history>7</history>
                    <trends>365</trends>
                    <status>0</status>
                    <value_type>0</value_type>
                    <allowed_hosts/>
                    <units>Bps</units>
                    <delta>0</delta>
                    <snmpv3_contextname/>
                    <snmpv3_securityname/>
                    <snmpv3_securitylevel>0</snmpv3_securitylevel>
                    <snmpv3_authprotocol>0</snmpv3_authprotocol>
                    <snmpv3_authpassphrase/>
                    <snmpv3_privprotocol>0</snmpv3_privprotocol>
                    <snmpv3_privpassphrase/>
                    <formula>1</formula>
                    <delay_flex/>
                    <params/>
                    <ipmi_sensor/>
                    <data_type>0</data_type>
                    <authtype>0</authtype>
                    <username/>
                    <password/>
                    <publickey/>
                    <privatekey/>
                    <port/>
                    <description>Full counter name: \System\File Write Bytes/sec</description>
                    <inventory_link>0</inventory_link>
                    <applications>
                        <application>
                            <name>Performance</name>
                        </application>
                        <application>
                            <name>Sistema de Arquivos</name>
                        </application>
                    </applications>
                    <valuemap/>
                </item>
                <item>
                    <name>Horário local no Host</name>
                    <type>0</type>
                    <snmp_community/>
                    <multiplier>0</multiplier>
                    <snmp_oid/>
                    <key>system.localtime</key>
                    <delay>60</delay>
                    <history>7</history>
                    <trends>365</trends>
                    <status>0</status>
                    <value_type>3</value_type>
                    <allowed_hosts/>
                    <units>unixtime</units>
                    <delta>0</delta>
                    <snmpv3_contextname/>
                    <snmpv3_securityname/>
                    <snmpv3_securitylevel>0</snmpv3_securitylevel>
                    <snmpv3_authprotocol>0</snmpv3_authprotocol>
                    <snmpv3_authpassphrase/>
                    <snmpv3_privprotocol>0</snmpv3_privprotocol>
                    <snmpv3_privpassphrase/>
                    <formula>1</formula>
                    <delay_flex/>
                    <params/>
                    <ipmi_sensor/>
                    <data_type>0</data_type>
                    <authtype>0</authtype>
                    <username/>
                    <password/>
                    <publickey/>
                    <privatekey/>
                    <port/>
                    <description>Horário verificado localmente no host monitorado.</description>
                    <inventory_link>0</inventory_link>
                    <applications>
                        <application>
                            <name>Geral</name>
                        </application>
                        <application>
                            <name>S.O</name>
                        </application>
                    </applications>
                    <valuemap/>
                </item>
                <item>
                    <name>Informações do Sistema Operacional</name>
                    <type>0</type>
                    <snmp_community/>
                    <multiplier>0</multiplier>
                    <snmp_oid/>
                    <key>system.uname</key>
                    <delay>3600</delay>
                    <history>7</history>
                    <trends>365</trends>
                    <status>0</status>
                    <value_type>1</value_type>
                    <allowed_hosts/>
                    <units/>
                    <delta>0</delta>
                    <snmpv3_contextname/>
                    <snmpv3_securityname/>
                    <snmpv3_securitylevel>0</snmpv3_securitylevel>
                    <snmpv3_authprotocol>0</snmpv3_authprotocol>
                    <snmpv3_authpassphrase/>
                    <snmpv3_privprotocol>0</snmpv3_privprotocol>
                    <snmpv3_privpassphrase/>
                    <formula>1</formula>
                    <delay_flex/>
                    <params/>
                    <ipmi_sensor/>
                    <data_type>0</data_type>
                    <authtype>0</authtype>
                    <username/>
                    <password/>
                    <publickey/>
                    <privatekey/>
                    <port/>
                    <description>Retorno do comando 'uname -a'.</description>
                    <inventory_link>5</inventory_link>
                    <applications>
                        <application>
                            <name>Geral</name>
                        </application>
                        <application>
                            <name>S.O</name>
                        </application>
                    </applications>
                    <valuemap/>
                </item>
                <item>
                    <name>Leitura de arquivos - Bytes por segundo</name>
                    <type>0</type>
                    <snmp_community/>
                    <multiplier>0</multiplier>
                    <snmp_oid/>
                    <key>perf_counter[\2\16]</key>
                    <delay>60</delay>
                    <history>7</history>
                    <trends>365</trends>
                    <status>0</status>
                    <value_type>0</value_type>
                    <allowed_hosts/>
                    <units>Bps</units>
                    <delta>0</delta>
                    <snmpv3_contextname/>
                    <snmpv3_securityname/>
                    <snmpv3_securitylevel>0</snmpv3_securitylevel>
                    <snmpv3_authprotocol>0</snmpv3_authprotocol>
                    <snmpv3_authpassphrase/>
                    <snmpv3_privprotocol>0</snmpv3_privprotocol>
                    <snmpv3_privpassphrase/>
                    <formula>1</formula>
                    <delay_flex/>
                    <params/>
                    <ipmi_sensor/>
                    <data_type>0</data_type>
                    <authtype>0</authtype>
                    <username/>
                    <password/>
                    <publickey/>
                    <privatekey/>
                    <port/>
                    <description>Full counter name: \System\File Read Bytes/sec</description>
                    <inventory_link>0</inventory_link>
                    <applications>
                        <application>
                            <name>Performance</name>
                        </application>
                        <application>
                            <name>Sistema de Arquivos</name>
                        </application>
                    </applications>
                    <valuemap/>
                </item>
                <item>
                    <name>Memória RAM disponível</name>
                    <type>0</type>
                    <snmp_community/>
                    <multiplier>0</multiplier>
                    <snmp_oid/>
                    <key>vm.memory.size[available]</key>
                    <delay>60</delay>
                    <history>7</history>
                    <trends>365</trends>
                    <status>0</status>
                    <value_type>3</value_type>
                    <allowed_hosts/>
                    <units>B</units>
                    <delta>0</delta>
                    <snmpv3_contextname/>
                    <snmpv3_securityname/>
                    <snmpv3_securitylevel>0</snmpv3_securitylevel>
                    <snmpv3_authprotocol>0</snmpv3_authprotocol>
                    <snmpv3_authpassphrase/>
                    <snmpv3_privprotocol>0</snmpv3_privprotocol>
                    <snmpv3_privpassphrase/>
                    <formula>1</formula>
                    <delay_flex/>
                    <params/>
                    <ipmi_sensor/>
                    <data_type>0</data_type>
                    <authtype>0</authtype>
                    <username/>
                    <password/>
                    <publickey/>
                    <privatekey/>
                    <port/>
                    <description>Quantidade de memória disponível. Soma de inactive + cached + free.&#13;
inactive - memória que é marcada como não utilizada.&#13;
cached - cache para várias coisas.&#13;
free - memória que está prontamente disponível para qualquer entidade que a requisite.</description>
                    <inventory_link>0</inventory_link>
                    <applications>
                        <application>
                            <name>Memória</name>
                        </application>
                    </applications>
                    <valuemap/>
                </item>
                <item>
                    <name>Memória RAM em cache</name>
                    <type>0</type>
                    <snmp_community/>
                    <multiplier>0</multiplier>
                    <snmp_oid/>
                    <key>vm.memory.size[cached]</key>
                    <delay>60</delay>
                    <history>7</history>
                    <trends>365</trends>
                    <status>0</status>
                    <value_type>3</value_type>
                    <allowed_hosts/>
                    <units>B</units>
                    <delta>0</delta>
                    <snmpv3_contextname/>
                    <snmpv3_securityname/>
                    <snmpv3_securitylevel>0</snmpv3_securitylevel>
                    <snmpv3_authprotocol>0</snmpv3_authprotocol>
                    <snmpv3_authpassphrase/>
                    <snmpv3_privprotocol>0</snmpv3_privprotocol>
                    <snmpv3_privpassphrase/>
                    <formula>1</formula>
                    <delay_flex/>
                    <params/>
                    <ipmi_sensor/>
                    <data_type>0</data_type>
                    <authtype>0</authtype>
                    <username/>
                    <password/>
                    <publickey/>
                    <privatekey/>
                    <port/>
                    <description>Memória que está em estado de cache.</description>
                    <inventory_link>0</inventory_link>
                    <applications>
                        <application>
                            <name>Memória</name>
                        </application>
                    </applications>
                    <valuemap/>
                </item>
                <item>
                    <name>Memória RAM em uso</name>
                    <type>0</type>
                    <snmp_community/>
                    <multiplier>0</multiplier>
                    <snmp_oid/>
                    <key>vm.memory.size[used]</key>
                    <delay>60</delay>
                    <history>7</history>
                    <trends>365</trends>
                    <status>0</status>
                    <value_type>3</value_type>
                    <allowed_hosts/>
                    <units>B</units>
                    <delta>0</delta>
                    <snmpv3_contextname/>
                    <snmpv3_securityname/>
                    <snmpv3_securitylevel>0</snmpv3_securitylevel>
                    <snmpv3_authprotocol>0</snmpv3_authprotocol>
                    <snmpv3_authpassphrase/>
                    <snmpv3_privprotocol>0</snmpv3_privprotocol>
                    <snmpv3_privpassphrase/>
                    <formula>1</formula>
                    <delay_flex/>
                    <params/>
                    <ipmi_sensor/>
                    <data_type>0</data_type>
                    <authtype>0</authtype>
                    <username/>
                    <password/>
                    <publickey/>
                    <privatekey/>
                    <port/>
                    <description>Memória atualmente em uso ou usada muito recentemente.</description>
                    <inventory_link>0</inventory_link>
                    <applications>
                        <application>
                            <name>Memória</name>
                        </application>
                    </applications>
                    <valuemap/>
                </item>
                <item>
                    <name>Memória RAM livre</name>
                    <type>0</type>
                    <snmp_community/>
                    <multiplier>0</multiplier>
                    <snmp_oid/>
                    <key>vm.memory.size[free]</key>
                    <delay>60</delay>
                    <history>7</history>
                    <trends>365</trends>
                    <status>0</status>
                    <value_type>3</value_type>
                    <allowed_hosts/>
                    <units>B</units>
                    <delta>0</delta>
                    <snmpv3_contextname/>
                    <snmpv3_securityname/>
                    <snmpv3_securitylevel>0</snmpv3_securitylevel>
                    <snmpv3_authprotocol>0</snmpv3_authprotocol>
                    <snmpv3_authpassphrase/>
                    <snmpv3_privprotocol>0</snmpv3_privprotocol>
                    <snmpv3_privpassphrase/>
                    <formula>1</formula>
                    <delay_flex/>
                    <params/>
                    <ipmi_sensor/>
                    <data_type>0</data_type>
                    <authtype>0</authtype>
                    <username/>
                    <password/>
                    <publickey/>
                    <privatekey/>
                    <port/>
                    <description>free - memória que está prontamente disponível para qualquer entidade que a requisite.</description>
                    <inventory_link>0</inventory_link>
                    <applications>
                        <application>
                            <name>Memória</name>
                        </application>
                    </applications>
                    <valuemap/>
                </item>
                <item>
                    <name>Memória RAM total</name>
                    <type>0</type>
                    <snmp_community/>
                    <multiplier>0</multiplier>
                    <snmp_oid/>
                    <key>vm.memory.size[total]</key>
                    <delay>1800</delay>
                    <history>7</history>
                    <trends>365</trends>
                    <status>0</status>
                    <value_type>3</value_type>
                    <allowed_hosts/>
                    <units>B</units>
                    <delta>0</delta>
                    <snmpv3_contextname/>
                    <snmpv3_securityname/>
                    <snmpv3_securitylevel>0</snmpv3_securitylevel>
                    <snmpv3_authprotocol>0</snmpv3_authprotocol>
                    <snmpv3_authpassphrase/>
                    <snmpv3_privprotocol>0</snmpv3_privprotocol>
                    <snmpv3_privpassphrase/>
                    <formula>1</formula>
                    <delay_flex/>
                    <params/>
                    <ipmi_sensor/>
                    <data_type>0</data_type>
                    <authtype>0</authtype>
                    <username/>
                    <password/>
                    <publickey/>
                    <privatekey/>
                    <port/>
                    <description>Quantidade total de memória RAM instalada no Computador.</description>
                    <inventory_link>0</inventory_link>
                    <applications>
                        <application>
                            <name>Memória</name>
                        </application>
                    </applications>
                    <valuemap/>
                </item>
                <item>
                    <name>Memória swap livre</name>
                    <type>0</type>
                    <snmp_community/>
                    <multiplier>0</multiplier>
                    <snmp_oid/>
                    <key>system.swap.size[,free]</key>
                    <delay>90</delay>
                    <history>7</history>
                    <trends>365</trends>
                    <status>0</status>
                    <value_type>3</value_type>
                    <allowed_hosts/>
                    <units>B</units>
                    <delta>0</delta>
                    <snmpv3_contextname/>
                    <snmpv3_securityname/>
                    <snmpv3_securitylevel>0</snmpv3_securitylevel>
                    <snmpv3_authprotocol>0</snmpv3_authprotocol>
                    <snmpv3_authpassphrase/>
                    <snmpv3_privprotocol>0</snmpv3_privprotocol>
                    <snmpv3_privpassphrase/>
                    <formula>1</formula>
                    <delay_flex/>
                    <params/>
                    <ipmi_sensor/>
                    <data_type>0</data_type>
                    <authtype>0</authtype>
                    <username/>
                    <password/>
                    <publickey/>
                    <privatekey/>
                    <port/>
                    <description>Quantidade de memória swap Livre.</description>
                    <inventory_link>0</inventory_link>
                    <applications>
                        <application>
                            <name>Memória</name>
                        </application>
                    </applications>
                    <valuemap/>
                </item>
                <item>
                    <name>Memória swap total</name>
                    <type>0</type>
                    <snmp_community/>
                    <multiplier>0</multiplier>
                    <snmp_oid/>
                    <key>system.swap.size[,total]</key>
                    <delay>3600</delay>
                    <history>7</history>
                    <trends>365</trends>
                    <status>0</status>
                    <value_type>3</value_type>
                    <allowed_hosts/>
                    <units>B</units>
                    <delta>0</delta>
                    <snmpv3_contextname/>
                    <snmpv3_securityname/>
                    <snmpv3_securitylevel>0</snmpv3_securitylevel>
                    <snmpv3_authprotocol>0</snmpv3_authprotocol>
                    <snmpv3_authpassphrase/>
                    <snmpv3_privprotocol>0</snmpv3_privprotocol>
                    <snmpv3_privpassphrase/>
                    <formula>1</formula>
                    <delay_flex/>
                    <params/>
                    <ipmi_sensor/>
                    <data_type>0</data_type>
                    <authtype>0</authtype>
                    <username/>
                    <password/>
                    <publickey/>
                    <privatekey/>
                    <port/>
                    <description/>
                    <inventory_link>0</inventory_link>
                    <applications>
                        <application>
                            <name>Memória</name>
                        </application>
                    </applications>
                    <valuemap/>
                </item>
                <item>
                    <name>Memória swap utilizada</name>
                    <type>0</type>
                    <snmp_community/>
                    <multiplier>0</multiplier>
                    <snmp_oid/>
                    <key>system.swap.size[,used]</key>
                    <delay>90</delay>
                    <history>7</history>
                    <trends>365</trends>
                    <status>0</status>
                    <value_type>3</value_type>
                    <allowed_hosts/>
                    <units>B</units>
                    <delta>0</delta>
                    <snmpv3_contextname/>
                    <snmpv3_securityname/>
                    <snmpv3_securitylevel>0</snmpv3_securitylevel>
                    <snmpv3_authprotocol>0</snmpv3_authprotocol>
                    <snmpv3_authpassphrase/>
                    <snmpv3_privprotocol>0</snmpv3_privprotocol>
                    <snmpv3_privpassphrase/>
                    <formula>1</formula>
                    <delay_flex/>
                    <params/>
                    <ipmi_sensor/>
                    <data_type>0</data_type>
                    <authtype>0</authtype>
                    <username/>
                    <password/>
                    <publickey/>
                    <privatekey/>
                    <port/>
                    <description>Quantidade de memória Swap em utilização.</description>
                    <inventory_link>0</inventory_link>
                    <applications>
                        <application>
                            <name>Memória</name>
                        </application>
                    </applications>
                    <valuemap/>
                </item>
                <item>
                    <name>Média de tamanho de fila (Gravação)</name>
                    <type>0</type>
                    <snmp_community/>
                    <multiplier>0</multiplier>
                    <snmp_oid/>
                    <key>perf_counter[\234(_Total)\1404]</key>
                    <delay>60</delay>
                    <history>7</history>
                    <trends>365</trends>
                    <status>0</status>
                    <value_type>0</value_type>
                    <allowed_hosts/>
                    <units/>
                    <delta>0</delta>
                    <snmpv3_contextname/>
                    <snmpv3_securityname/>
                    <snmpv3_securitylevel>0</snmpv3_securitylevel>
                    <snmpv3_authprotocol>0</snmpv3_authprotocol>
                    <snmpv3_authpassphrase/>
                    <snmpv3_privprotocol>0</snmpv3_privprotocol>
                    <snmpv3_privpassphrase/>
                    <formula>1</formula>
                    <delay_flex/>
                    <params/>
                    <ipmi_sensor/>
                    <data_type>0</data_type>
                    <authtype>0</authtype>
                    <username/>
                    <password/>
                    <publickey/>
                    <privatekey/>
                    <port/>
                    <description>Full counter name: \PhysicalDisk(_Total)\Avg. Disk Write Queue Length</description>
                    <inventory_link>0</inventory_link>
                    <applications>
                        <application>
                            <name>Performance</name>
                        </application>
                        <application>
                            <name>Sistema de Arquivos</name>
                        </application>
                    </applications>
                    <valuemap/>
                </item>
                <item>
                    <name>Média de tamanho de fila (Leitura)</name>
                    <type>0</type>
                    <snmp_community/>
                    <multiplier>0</multiplier>
                    <snmp_oid/>
                    <key>perf_counter[\234(_Total)\1402]</key>
                    <delay>60</delay>
                    <history>7</history>
                    <trends>365</trends>
                    <status>0</status>
                    <value_type>0</value_type>
                    <allowed_hosts/>
                    <units/>
                    <delta>0</delta>
                    <snmpv3_contextname/>
                    <snmpv3_securityname/>
                    <snmpv3_securitylevel>0</snmpv3_securitylevel>
                    <snmpv3_authprotocol>0</snmpv3_authprotocol>
                    <snmpv3_authpassphrase/>
                    <snmpv3_privprotocol>0</snmpv3_privprotocol>
                    <snmpv3_privpassphrase/>
                    <formula>1</formula>
                    <delay_flex/>
                    <params/>
                    <ipmi_sensor/>
                    <data_type>0</data_type>
                    <authtype>0</authtype>
                    <username/>
                    <password/>
                    <publickey/>
                    <privatekey/>
                    <port/>
                    <description>Full counter name: \PhysicalDisk(_Total)\Avg. Disk Read Queue Length</description>
                    <inventory_link>0</inventory_link>
                    <applications>
                        <application>
                            <name>Performance</name>
                        </application>
                        <application>
                            <name>Sistema de Arquivos</name>
                        </application>
                    </applications>
                    <valuemap/>
                </item>
                <item>
                    <name>Nome do host</name>
                    <type>0</type>
                    <snmp_community/>
                    <multiplier>0</multiplier>
                    <snmp_oid/>
                    <key>system.hostname</key>
                    <delay>3600</delay>
                    <history>7</history>
                    <trends>365</trends>
                    <status>0</status>
                    <value_type>1</value_type>
                    <allowed_hosts/>
                    <units/>
                    <delta>0</delta>
                    <snmpv3_contextname/>
                    <snmpv3_securityname/>
                    <snmpv3_securitylevel>0</snmpv3_securitylevel>
                    <snmpv3_authprotocol>0</snmpv3_authprotocol>
                    <snmpv3_authpassphrase/>
                    <snmpv3_privprotocol>0</snmpv3_privprotocol>
                    <snmpv3_privpassphrase/>
                    <formula>1</formula>
                    <delay_flex/>
                    <params/>
                    <ipmi_sensor/>
                    <data_type>0</data_type>
                    <authtype>0</authtype>
                    <username/>
                    <password/>
                    <publickey/>
                    <privatekey/>
                    <port/>
                    <description>Nome do host.</description>
                    <inventory_link>3</inventory_link>
                    <applications>
                        <application>
                            <name>Geral</name>
                        </application>
                        <application>
                            <name>S.O</name>
                        </application>
                    </applications>
                    <valuemap/>
                </item>
                <item>
                    <name>Number of processes</name>
                    <type>0</type>
                    <snmp_community/>
                    <multiplier>0</multiplier>
                    <snmp_oid/>
                    <key>proc.num[]</key>
                    <delay>60</delay>
                    <history>7</history>
                    <trends>365</trends>
                    <status>0</status>
                    <value_type>3</value_type>
                    <allowed_hosts/>
                    <units/>
                    <delta>0</delta>
                    <snmpv3_contextname/>
                    <snmpv3_securityname/>
                    <snmpv3_securitylevel>0</snmpv3_securitylevel>
                    <snmpv3_authprotocol>0</snmpv3_authprotocol>
                    <snmpv3_authpassphrase/>
                    <snmpv3_privprotocol>0</snmpv3_privprotocol>
                    <snmpv3_privpassphrase/>
                    <formula>0</formula>
                    <delay_flex/>
                    <params/>
                    <ipmi_sensor/>
                    <data_type>0</data_type>
                    <authtype>0</authtype>
                    <username/>
                    <password/>
                    <publickey/>
                    <privatekey/>
                    <port/>
                    <description/>
                    <inventory_link>0</inventory_link>
                    <applications>
                        <application>
                            <name>Processos</name>
                        </application>
                    </applications>
                    <valuemap/>
                </item>
                <item>
                    <name>Number of threads</name>
                    <type>0</type>
                    <snmp_community/>
                    <multiplier>0</multiplier>
                    <snmp_oid/>
                    <key>perf_counter[\2\250]</key>
                    <delay>60</delay>
                    <history>7</history>
                    <trends>365</trends>
                    <status>0</status>
                    <value_type>3</value_type>
                    <allowed_hosts/>
                    <units/>
                    <delta>0</delta>
                    <snmpv3_contextname/>
                    <snmpv3_securityname/>
                    <snmpv3_securitylevel>0</snmpv3_securitylevel>
                    <snmpv3_authprotocol>0</snmpv3_authprotocol>
                    <snmpv3_authpassphrase/>
                    <snmpv3_privprotocol>0</snmpv3_privprotocol>
                    <snmpv3_privpassphrase/>
                    <formula>1</formula>
                    <delay_flex/>
                    <params/>
                    <ipmi_sensor/>
                    <data_type>0</data_type>
                    <authtype>0</authtype>
                    <username/>
                    <password/>
                    <publickey/>
                    <privatekey/>
                    <port/>
                    <description>Full counter name: \System\Threads</description>
                    <inventory_link>0</inventory_link>
                    <applications>
                        <application>
                            <name>S.O</name>
                        </application>
                    </applications>
                    <valuemap/>
                </item>
                <item>
                    <name>Tempo da CPU (idle)</name>
                    <type>0</type>
                    <snmp_community/>
                    <multiplier>0</multiplier>
                    <snmp_oid/>
                    <key>perf_counter[&quot;\Processor(_Total)\% Idle Time&quot;]</key>
                    <delay>60</delay>
                    <history>7</history>
                    <trends>365</trends>
                    <status>0</status>
                    <value_type>0</value_type>
                    <allowed_hosts/>
                    <units>%</units>
                    <delta>0</delta>
                    <snmpv3_contextname/>
                    <snmpv3_securityname/>
                    <snmpv3_securitylevel>0</snmpv3_securitylevel>
                    <snmpv3_authprotocol>0</snmpv3_authprotocol>
                    <snmpv3_authpassphrase/>
                    <snmpv3_privprotocol>0</snmpv3_privprotocol>
                    <snmpv3_privpassphrase/>
                    <formula>1</formula>
                    <delay_flex/>
                    <params/>
                    <ipmi_sensor/>
                    <data_type>0</data_type>
                    <authtype>0</authtype>
                    <username/>
                    <password/>
                    <publickey/>
                    <privatekey/>
                    <port/>
                    <description>Tempo 'livre' da CPU.</description>
                    <inventory_link>0</inventory_link>
                    <applications>
                        <application>
                            <name>CPU</name>
                        </application>
                        <application>
                            <name>Performance</name>
                        </application>
                    </applications>
                    <valuemap/>
                </item>
                <item>
                    <name>Tempo da CPU (system)</name>
                    <type>0</type>
                    <snmp_community/>
                    <multiplier>0</multiplier>
                    <snmp_oid/>
                    <key>perf_counter[&quot;\Processor(_Total)\% Privileged Time&quot;]</key>
                    <delay>60</delay>
                    <history>7</history>
                    <trends>365</trends>
                    <status>0</status>
                    <value_type>0</value_type>
                    <allowed_hosts/>
                    <units>%</units>
                    <delta>0</delta>
                    <snmpv3_contextname/>
                    <snmpv3_securityname/>
                    <snmpv3_securitylevel>0</snmpv3_securitylevel>
                    <snmpv3_authprotocol>0</snmpv3_authprotocol>
                    <snmpv3_authpassphrase/>
                    <snmpv3_privprotocol>0</snmpv3_privprotocol>
                    <snmpv3_privpassphrase/>
                    <formula>1</formula>
                    <delay_flex/>
                    <params/>
                    <ipmi_sensor/>
                    <data_type>0</data_type>
                    <authtype>0</authtype>
                    <username/>
                    <password/>
                    <publickey/>
                    <privatekey/>
                    <port/>
                    <description>Tempo que a CPU leva executando processos do Kernel.</description>
                    <inventory_link>0</inventory_link>
                    <applications>
                        <application>
                            <name>CPU</name>
                        </application>
                        <application>
                            <name>Performance</name>
                        </application>
                    </applications>
                    <valuemap/>
                </item>
                <item>
                    <name>Tempo da CPU (total)</name>
                    <type>0</type>
                    <snmp_community/>
                    <multiplier>0</multiplier>
                    <snmp_oid/>
                    <key>perf_counter[&quot;\Processor(_Total)\% Processor Time&quot;]</key>
                    <delay>60</delay>
                    <history>7</history>
                    <trends>365</trends>
                    <status>0</status>
                    <value_type>0</value_type>
                    <allowed_hosts/>
                    <units>%</units>
                    <delta>0</delta>
                    <snmpv3_contextname/>
                    <snmpv3_securityname/>
                    <snmpv3_securitylevel>0</snmpv3_securitylevel>
                    <snmpv3_authprotocol>0</snmpv3_authprotocol>
                    <snmpv3_authpassphrase/>
                    <snmpv3_privprotocol>0</snmpv3_privprotocol>
                    <snmpv3_privpassphrase/>
                    <formula>1</formula>
                    <delay_flex/>
                    <params/>
                    <ipmi_sensor/>
                    <data_type>0</data_type>
                    <authtype>0</authtype>
                    <username/>
                    <password/>
                    <publickey/>
                    <privatekey/>
                    <port/>
                    <description>Tempo em que a CPU passa executando processos do usuário.</description>
                    <inventory_link>0</inventory_link>
                    <applications>
                        <application>
                            <name>CPU</name>
                        </application>
                        <application>
                            <name>Performance</name>
                        </application>
                    </applications>
                    <valuemap/>
                </item>
                <item>
                    <name>Tempo da CPU (user)</name>
                    <type>0</type>
                    <snmp_community/>
                    <multiplier>0</multiplier>
                    <snmp_oid/>
                    <key>perf_counter[&quot;\Processor(_Total)\% User Time&quot;]</key>
                    <delay>60</delay>
                    <history>7</history>
                    <trends>365</trends>
                    <status>0</status>
                    <value_type>0</value_type>
                    <allowed_hosts/>
                    <units>%</units>
                    <delta>0</delta>
                    <snmpv3_contextname/>
                    <snmpv3_securityname/>
                    <snmpv3_securitylevel>0</snmpv3_securitylevel>
                    <snmpv3_authprotocol>0</snmpv3_authprotocol>
                    <snmpv3_authpassphrase/>
                    <snmpv3_privprotocol>0</snmpv3_privprotocol>
                    <snmpv3_privpassphrase/>
                    <formula>1</formula>
                    <delay_flex/>
                    <params/>
                    <ipmi_sensor/>
                    <data_type>0</data_type>
                    <authtype>0</authtype>
                    <username/>
                    <password/>
                    <publickey/>
                    <privatekey/>
                    <port/>
                    <description>Tempo em que a CPU passa executando processos do usuário.</description>
                    <inventory_link>0</inventory_link>
                    <applications>
                        <application>
                            <name>CPU</name>
                        </application>
                        <application>
                            <name>Performance</name>
                        </application>
                    </applications>
                    <valuemap/>
                </item>
                <item>
                    <name>Tempo em Uptime</name>
                    <type>0</type>
                    <snmp_community/>
                    <multiplier>0</multiplier>
                    <snmp_oid/>
                    <key>system.uptime</key>
                    <delay>600</delay>
                    <history>7</history>
                    <trends>365</trends>
                    <status>0</status>
                    <value_type>3</value_type>
                    <allowed_hosts/>
                    <units>uptime</units>
                    <delta>0</delta>
                    <snmpv3_contextname/>
                    <snmpv3_securityname/>
                    <snmpv3_securitylevel>0</snmpv3_securitylevel>
                    <snmpv3_authprotocol>0</snmpv3_authprotocol>
                    <snmpv3_authpassphrase/>
                    <snmpv3_privprotocol>0</snmpv3_privprotocol>
                    <snmpv3_privpassphrase/>
                    <formula>1</formula>
                    <delay_flex/>
                    <params/>
                    <ipmi_sensor/>
                    <data_type>0</data_type>
                    <authtype>0</authtype>
                    <username/>
                    <password/>
                    <publickey/>
                    <privatekey/>
                    <port/>
                    <description/>
                    <inventory_link>0</inventory_link>
                    <applications>
                        <application>
                            <name>Geral</name>
                        </application>
                        <application>
                            <name>S.O</name>
                        </application>
                    </applications>
                    <valuemap/>
                </item>
            </items>
            <discovery_rules>
                <discovery_rule>
                    <name>Descoberta de interfaces de rede</name>
                    <type>0</type>
                    <snmp_community/>
                    <snmp_oid/>
                    <key>net.if.discovery</key>
                    <delay>3600</delay>
                    <status>0</status>
                    <allowed_hosts/>
                    <snmpv3_contextname/>
                    <snmpv3_securityname/>
                    <snmpv3_securitylevel>0</snmpv3_securitylevel>
                    <snmpv3_authprotocol>0</snmpv3_authprotocol>
                    <snmpv3_authpassphrase/>
                    <snmpv3_privprotocol>0</snmpv3_privprotocol>
                    <snmpv3_privpassphrase/>
                    <delay_flex/>
                    <params/>
                    <ipmi_sensor/>
                    <authtype>0</authtype>
                    <username/>
                    <password/>
                    <publickey/>
                    <privatekey/>
                    <port/>
                    <filter>{#IFNAME}:@Network interfaces for discovery</filter>
                    <lifetime>5</lifetime>
                    <description>Descoberta de interfaces de rede, como definido na expressão regular global &quot;Network interfaces for discovery&quot;.</description>
                    <item_prototypes>
                        <item_prototype>
                            <name>Tráfego de entrada - interface $1</name>
                            <type>0</type>
                            <snmp_community/>
                            <multiplier>1</multiplier>
                            <snmp_oid/>
                            <key>net.if.in[{#IFNAME}]</key>
                            <delay>60</delay>
                            <history>7</history>
                            <trends>365</trends>
                            <status>0</status>
                            <value_type>3</value_type>
                            <allowed_hosts/>
                            <units>bps</units>
                            <delta>1</delta>
                            <snmpv3_contextname/>
                            <snmpv3_securityname/>
                            <snmpv3_securitylevel>0</snmpv3_securitylevel>
                            <snmpv3_authprotocol>0</snmpv3_authprotocol>
                            <snmpv3_authpassphrase/>
                            <snmpv3_privprotocol>0</snmpv3_privprotocol>
                            <snmpv3_privpassphrase/>
                            <formula>8</formula>
                            <delay_flex/>
                            <params/>
                            <ipmi_sensor/>
                            <data_type>0</data_type>
                            <authtype>0</authtype>
                            <username/>
                            <password/>
                            <publickey/>
                            <privatekey/>
                            <port/>
                            <description>Tráfego de entrada em bps (bits por segundo), para uma interface de rede.</description>
                            <inventory_link>0</inventory_link>
                            <applications>
                                <application>
                                    <name>Interfaces de Rede</name>
                                </application>
                            </applications>
                            <valuemap/>
                        </item_prototype>
                        <item_prototype>
                            <name>Tráfego de saída - interface {#IFNAME}</name>
                            <type>0</type>
                            <snmp_community/>
                            <multiplier>1</multiplier>
                            <snmp_oid/>
                            <key>net.if.out[{#IFNAME}]</key>
                            <delay>60</delay>
                            <history>7</history>
                            <trends>365</trends>
                            <status>0</status>
                            <value_type>3</value_type>
                            <allowed_hosts/>
                            <units>bps</units>
                            <delta>1</delta>
                            <snmpv3_contextname/>
                            <snmpv3_securityname/>
                            <snmpv3_securitylevel>0</snmpv3_securitylevel>
                            <snmpv3_authprotocol>0</snmpv3_authprotocol>
                            <snmpv3_authpassphrase/>
                            <snmpv3_privprotocol>0</snmpv3_privprotocol>
                            <snmpv3_privpassphrase/>
                            <formula>8</formula>
                            <delay_flex/>
                            <params/>
                            <ipmi_sensor/>
                            <data_type>0</data_type>
                            <authtype>0</authtype>
                            <username/>
                            <password/>
                            <publickey/>
                            <privatekey/>
                            <port/>
                            <description>Tráfego de saída (em bps), para uma interface de rede.</description>
                            <inventory_link>0</inventory_link>
                            <applications>
                                <application>
                                    <name>Interfaces de Rede</name>
                                </application>
                            </applications>
                            <valuemap/>
                        </item_prototype>
                    </item_prototypes>
                    <trigger_prototypes/>
                    <graph_prototypes>
                        <graph_prototype>
                            <name>Network traffic on {#IFNAME}</name>
                            <width>900</width>
                            <height>200</height>
                            <yaxismin>0.0000</yaxismin>
                            <yaxismax>100.0000</yaxismax>
                            <show_work_period>1</show_work_period>
                            <show_triggers>1</show_triggers>
                            <type>0</type>
                            <show_legend>1</show_legend>
                            <show_3d>0</show_3d>
                            <percent_left>0.0000</percent_left>
                            <percent_right>0.0000</percent_right>
                            <ymin_type_1>1</ymin_type_1>
                            <ymax_type_1>0</ymax_type_1>
                            <ymin_item_1>0</ymin_item_1>
                            <ymax_item_1>0</ymax_item_1>
                            <graph_items>
                                <graph_item>
                                    <sortorder>0</sortorder>
                                    <drawtype>5</drawtype>
                                    <color>00AA00</color>
                                    <yaxisside>0</yaxisside>
                                    <calc_fnc>2</calc_fnc>
                                    <type>0</type>
                                    <item>
                                        <host>WERNECK Template OS Windows</host>
                                        <key>net.if.in[{#IFNAME}]</key>
                                    </item>
                                </graph_item>
                                <graph_item>
                                    <sortorder>1</sortorder>
                                    <drawtype>5</drawtype>
                                    <color>3333FF</color>
                                    <yaxisside>0</yaxisside>
                                    <calc_fnc>2</calc_fnc>
                                    <type>0</type>
                                    <item>
                                        <host>WERNECK Template OS Windows</host>
                                        <key>net.if.out[{#IFNAME}]</key>
                                    </item>
                                </graph_item>
                            </graph_items>
                        </graph_prototype>
                    </graph_prototypes>
                    <host_prototypes/>
                </discovery_rule>
                <discovery_rule>
                    <name>Descoberta de sistemas de aquivos (montados)</name>
                    <type>0</type>
                    <snmp_community/>
                    <snmp_oid/>
                    <key>vfs.fs.discovery</key>
                    <delay>3600</delay>
                    <status>0</status>
                    <allowed_hosts/>
                    <snmpv3_contextname/>
                    <snmpv3_securityname/>
                    <snmpv3_securitylevel>0</snmpv3_securitylevel>
                    <snmpv3_authprotocol>0</snmpv3_authprotocol>
                    <snmpv3_authpassphrase/>
                    <snmpv3_privprotocol>0</snmpv3_privprotocol>
                    <snmpv3_privpassphrase/>
                    <delay_flex/>
                    <params/>
                    <ipmi_sensor/>
                    <authtype>0</authtype>
                    <username/>
                    <password/>
                    <publickey/>
                    <privatekey/>
                    <port/>
                    <filter>{#FSTYPE}:@File systems for discovery</filter>
                    <lifetime>5</lifetime>
                    <description>Descoberta de sistemas de arquivos (discos/partições), de diferentes tipos, como definido na Expressão Regular &quot;File systems for discovery&quot;.</description>
                    <item_prototypes>
                        <item_prototype>
                            <name>Espaço em disco disponível em $1</name>
                            <type>0</type>
                            <snmp_community/>
                            <multiplier>0</multiplier>
                            <snmp_oid/>
                            <key>vfs.fs.size[{#FSNAME},free]</key>
                            <delay>60</delay>
                            <history>7</history>
                            <trends>365</trends>
                            <status>0</status>
                            <value_type>3</value_type>
                            <allowed_hosts/>
                            <units>B</units>
                            <delta>0</delta>
                            <snmpv3_contextname/>
                            <snmpv3_securityname/>
                            <snmpv3_securitylevel>0</snmpv3_securitylevel>
                            <snmpv3_authprotocol>0</snmpv3_authprotocol>
                            <snmpv3_authpassphrase/>
                            <snmpv3_privprotocol>0</snmpv3_privprotocol>
                            <snmpv3_privpassphrase/>
                            <formula>1</formula>
                            <delay_flex/>
                            <params/>
                            <ipmi_sensor/>
                            <data_type>0</data_type>
                            <authtype>0</authtype>
                            <username/>
                            <password/>
                            <publickey/>
                            <privatekey/>
                            <port/>
                            <description/>
                            <inventory_link>0</inventory_link>
                            <applications>
                                <application>
                                    <name>Sistema de Arquivos</name>
                                </application>
                            </applications>
                            <valuemap/>
                        </item_prototype>
                        <item_prototype>
                            <name>Espaço em disco disponível em $1 (porcentagem)</name>
                            <type>0</type>
                            <snmp_community/>
                            <multiplier>0</multiplier>
                            <snmp_oid/>
                            <key>vfs.fs.size[{#FSNAME},pfree]</key>
                            <delay>60</delay>
                            <history>7</history>
                            <trends>365</trends>
                            <status>0</status>
                            <value_type>0</value_type>
                            <allowed_hosts/>
                            <units>%</units>
                            <delta>0</delta>
                            <snmpv3_contextname/>
                            <snmpv3_securityname/>
                            <snmpv3_securitylevel>0</snmpv3_securitylevel>
                            <snmpv3_authprotocol>0</snmpv3_authprotocol>
                            <snmpv3_authpassphrase/>
                            <snmpv3_privprotocol>0</snmpv3_privprotocol>
                            <snmpv3_privpassphrase/>
                            <formula>1</formula>
                            <delay_flex/>
                            <params/>
                            <ipmi_sensor/>
                            <data_type>0</data_type>
                            <authtype>0</authtype>
                            <username/>
                            <password/>
                            <publickey/>
                            <privatekey/>
                            <port/>
                            <description/>
                            <inventory_link>0</inventory_link>
                            <applications>
                                <application>
                                    <name>Sistema de Arquivos</name>
                                </application>
                            </applications>
                            <valuemap/>
                        </item_prototype>
                        <item_prototype>
                            <name>Espaço em disco em $1 (total)</name>
                            <type>0</type>
                            <snmp_community/>
                            <multiplier>0</multiplier>
                            <snmp_oid/>
                            <key>vfs.fs.size[{#FSNAME},total]</key>
                            <delay>3600</delay>
                            <history>7</history>
                            <trends>365</trends>
                            <status>0</status>
                            <value_type>3</value_type>
                            <allowed_hosts/>
                            <units>B</units>
                            <delta>0</delta>
                            <snmpv3_contextname/>
                            <snmpv3_securityname/>
                            <snmpv3_securitylevel>0</snmpv3_securitylevel>
                            <snmpv3_authprotocol>0</snmpv3_authprotocol>
                            <snmpv3_authpassphrase/>
                            <snmpv3_privprotocol>0</snmpv3_privprotocol>
                            <snmpv3_privpassphrase/>
                            <formula>1</formula>
                            <delay_flex/>
                            <params/>
                            <ipmi_sensor/>
                            <data_type>0</data_type>
                            <authtype>0</authtype>
                            <username/>
                            <password/>
                            <publickey/>
                            <privatekey/>
                            <port/>
                            <description/>
                            <inventory_link>0</inventory_link>
                            <applications>
                                <application>
                                    <name>Sistema de Arquivos</name>
                                </application>
                            </applications>
                            <valuemap/>
                        </item_prototype>
                        <item_prototype>
                            <name>Espaço em disco utilizado em $1</name>
                            <type>0</type>
                            <snmp_community/>
                            <multiplier>0</multiplier>
                            <snmp_oid/>
                            <key>vfs.fs.size[{#FSNAME},used]</key>
                            <delay>60</delay>
                            <history>7</history>
                            <trends>365</trends>
                            <status>0</status>
                            <value_type>3</value_type>
                            <allowed_hosts/>
                            <units>B</units>
                            <delta>0</delta>
                            <snmpv3_contextname/>
                            <snmpv3_securityname/>
                            <snmpv3_securitylevel>0</snmpv3_securitylevel>
                            <snmpv3_authprotocol>0</snmpv3_authprotocol>
                            <snmpv3_authpassphrase/>
                            <snmpv3_privprotocol>0</snmpv3_privprotocol>
                            <snmpv3_privpassphrase/>
                            <formula>1</formula>
                            <delay_flex/>
                            <params/>
                            <ipmi_sensor/>
                            <data_type>0</data_type>
                            <authtype>0</authtype>
                            <username/>
                            <password/>
                            <publickey/>
                            <privatekey/>
                            <port/>
                            <description/>
                            <inventory_link>0</inventory_link>
                            <applications>
                                <application>
                                    <name>Sistema de Arquivos</name>
                                </application>
                            </applications>
                            <valuemap/>
                        </item_prototype>
                    </item_prototypes>
                    <trigger_prototypes>
                        <trigger_prototype>
                            <expression>{WERNECK Template OS Windows:vfs.fs.size[{#FSNAME},pfree].last(0)}&lt;10</expression>
                            <name>Espaço livre em disco é menor que 10% em {#FSNAME}</name>
                            <url/>
                            <status>0</status>
                            <priority>3</priority>
                            <description/>
                            <type>0</type>
                        </trigger_prototype>
                        <trigger_prototype>
                            <expression>{WERNECK Template OS Windows:vfs.fs.size[{#FSNAME},pfree].last(0)}&lt;20</expression>
                            <name>Espaço livre em disco é menor que 20% em {#FSNAME}</name>
                            <url/>
                            <status>0</status>
                            <priority>2</priority>
                            <description/>
                            <type>0</type>
                        </trigger_prototype>
                        <trigger_prototype>
                            <expression>{WERNECK Template OS Windows:vfs.fs.size[{#FSNAME},used].diff(5m)}&gt;3145728</expression>
                            <name>Free disk change {#FSNAME}</name>
                            <url/>
                            <status>0</status>
                            <priority>3</priority>
                            <description/>
                            <type>0</type>
                        </trigger_prototype>
                    </trigger_prototypes>
                    <graph_prototypes>
                        <graph_prototype>
                            <name>Disco - Utilização para {#FSNAME}</name>
                            <width>600</width>
                            <height>340</height>
                            <yaxismin>0.0000</yaxismin>
                            <yaxismax>100.0000</yaxismax>
                            <show_work_period>1</show_work_period>
                            <show_triggers>1</show_triggers>
                            <type>0</type>
                            <show_legend>1</show_legend>
                            <show_3d>0</show_3d>
                            <percent_left>0.0000</percent_left>
                            <percent_right>0.0000</percent_right>
                            <ymin_type_1>0</ymin_type_1>
                            <ymax_type_1>0</ymax_type_1>
                            <ymin_item_1>0</ymin_item_1>
                            <ymax_item_1>0</ymax_item_1>
                            <graph_items>
                                <graph_item>
                                    <sortorder>0</sortorder>
                                    <drawtype>0</drawtype>
                                    <color>C80000</color>
                                    <yaxisside>0</yaxisside>
                                    <calc_fnc>2</calc_fnc>
                                    <type>2</type>
                                    <item>
                                        <host>WERNECK Template OS Windows</host>
                                        <key>vfs.fs.size[{#FSNAME},total]</key>
                                    </item>
                                </graph_item>
                                <graph_item>
                                    <sortorder>1</sortorder>
                                    <drawtype>0</drawtype>
                                    <color>00C800</color>
                                    <yaxisside>0</yaxisside>
                                    <calc_fnc>2</calc_fnc>
                                    <type>0</type>
                                    <item>
                                        <host>WERNECK Template OS Windows</host>
                                        <key>vfs.fs.size[{#FSNAME},free]</key>
                                    </item>
                                </graph_item>
                            </graph_items>
                        </graph_prototype>
                    </graph_prototypes>
                    <host_prototypes/>
                </discovery_rule>
            </discovery_rules>
            <macros/>
            <templates>
                <template>
                    <name>WERNECK Template App Zabbix Agent_Windows</name>
                </template>
            </templates>
            <screens>
                <screen>
                    <name>System performance</name>
                    <hsize>2</hsize>
                    <vsize>2</vsize>
                    <screen_items>
                        <screen_item>
                            <resourcetype>1</resourcetype>
                            <width>500</width>
                            <height>100</height>
                            <x>0</x>
                            <y>1</y>
                            <colspan>1</colspan>
                            <rowspan>1</rowspan>
                            <elements>0</elements>
                            <valign>0</valign>
                            <halign>0</halign>
                            <style>0</style>
                            <url/>
                            <dynamic>0</dynamic>
                            <sort_triggers>0</sort_triggers>
                            <resource>
                                <key>proc.num[]</key>
                                <host>WERNECK Template OS Windows</host>
                            </resource>
                            <application/>
                        </screen_item>
                        <screen_item>
                            <resourcetype>1</resourcetype>
                            <width>500</width>
                            <height>100</height>
                            <x>1</x>
                            <y>1</y>
                            <colspan>1</colspan>
                            <rowspan>1</rowspan>
                            <elements>0</elements>
                            <valign>0</valign>
                            <halign>0</halign>
                            <style>0</style>
                            <url/>
                            <dynamic>0</dynamic>
                            <sort_triggers>0</sort_triggers>
                            <resource>
                                <key>perf_counter[\2\250]</key>
                                <host>WERNECK Template OS Windows</host>
                            </resource>
                            <application/>
                        </screen_item>
                    </screen_items>
                </screen>
            </screens>
        </template>
    </templates>
    <triggers>
        <trigger>
            <expression>{WERNECK Template App Zabbix Agent_Windows:agent.ping.nodata(5m)}=1</expression>
            <name>Agente Zabbix em {HOST.NAME} já não responde há cinco minutos</name>
            <url/>
            <status>0</status>
            <priority>3</priority>
            <description/>
            <type>0</type>
            <dependencies/>
        </trigger>
        <trigger>
            <expression>{WERNECK Template App Zabbix Agent_Windows:agent.hostname.diff(0)}&gt;0</expression>
            <name>Nome do host do Agente Zabbbix foi alterado em {HOST.NAME}</name>
            <url/>
            <status>0</status>
            <priority>1</priority>
            <description>Nome configurado em 'zabbix_agentd.conf' foi alterado.</description>
            <type>0</type>
            <dependencies/>
        </trigger>
        <trigger>
            <expression>{WERNECK Template App Zabbix Agent_Windows:agent.version.diff(0)}&gt;0</expression>
            <name>Versão do Agent Zabbix alterada em {HOST.NAME}</name>
            <url/>
            <status>0</status>
            <priority>1</priority>
            <description/>
            <type>0</type>
            <dependencies/>
        </trigger>
    </triggers>
    <graphs>
        <graph>
            <name>CPU (Load Average)</name>
            <width>900</width>
            <height>200</height>
            <yaxismin>0.0000</yaxismin>
            <yaxismax>100.0000</yaxismax>
            <show_work_period>1</show_work_period>
            <show_triggers>1</show_triggers>
            <type>0</type>
            <show_legend>1</show_legend>
            <show_3d>0</show_3d>
            <percent_left>0.0000</percent_left>
            <percent_right>0.0000</percent_right>
            <ymin_type_1>0</ymin_type_1>
            <ymax_type_1>0</ymax_type_1>
            <ymin_item_1>0</ymin_item_1>
            <ymax_item_1>0</ymax_item_1>
            <graph_items>
                <graph_item>
                    <sortorder>0</sortorder>
                    <drawtype>0</drawtype>
                    <color>000000</color>
                    <yaxisside>0</yaxisside>
                    <calc_fnc>4</calc_fnc>
                    <type>0</type>
                    <item>
                        <host>WERNECK Template OS Windows</host>
                        <key>system.cpu.num</key>
                    </item>
                </graph_item>
                <graph_item>
                    <sortorder>2</sortorder>
                    <drawtype>0</drawtype>
                    <color>009900</color>
                    <yaxisside>0</yaxisside>
                    <calc_fnc>4</calc_fnc>
                    <type>0</type>
                    <item>
                        <host>WERNECK Template OS Windows</host>
                        <key>system.cpu.load[all,avg1]</key>
                    </item>
                </graph_item>
                <graph_item>
                    <sortorder>3</sortorder>
                    <drawtype>0</drawtype>
                    <color>000099</color>
                    <yaxisside>0</yaxisside>
                    <calc_fnc>4</calc_fnc>
                    <type>0</type>
                    <item>
                        <host>WERNECK Template OS Windows</host>
                        <key>system.cpu.load[all,avg5]</key>
                    </item>
                </graph_item>
                <graph_item>
                    <sortorder>4</sortorder>
                    <drawtype>0</drawtype>
                    <color>990000</color>
                    <yaxisside>0</yaxisside>
                    <calc_fnc>4</calc_fnc>
                    <type>0</type>
                    <item>
                        <host>WERNECK Template OS Windows</host>
                        <key>system.cpu.load[all,avg15]</key>
                    </item>
                </graph_item>
            </graph_items>
        </graph>
        <graph>
            <name>CPU (utilização)</name>
            <width>900</width>
            <height>200</height>
            <yaxismin>0.0000</yaxismin>
            <yaxismax>100.0000</yaxismax>
            <show_work_period>0</show_work_period>
            <show_triggers>0</show_triggers>
            <type>1</type>
            <show_legend>1</show_legend>
            <show_3d>0</show_3d>
            <percent_left>0.0000</percent_left>
            <percent_right>0.0000</percent_right>
            <ymin_type_1>1</ymin_type_1>
            <ymax_type_1>1</ymax_type_1>
            <ymin_item_1>0</ymin_item_1>
            <ymax_item_1>0</ymax_item_1>
            <graph_items>
                <graph_item>
                    <sortorder>0</sortorder>
                    <drawtype>0</drawtype>
                    <color>222222</color>
                    <yaxisside>1</yaxisside>
                    <calc_fnc>4</calc_fnc>
                    <type>0</type>
                    <item>
                        <host>WERNECK Template OS Windows</host>
                        <key>perf_counter[&quot;\Processor(_Total)\% Processor Time&quot;]</key>
                    </item>
                </graph_item>
                <graph_item>
                    <sortorder>3</sortorder>
                    <drawtype>5</drawtype>
                    <color>009900</color>
                    <yaxisside>1</yaxisside>
                    <calc_fnc>4</calc_fnc>
                    <type>0</type>
                    <item>
                        <host>WERNECK Template OS Windows</host>
                        <key>perf_counter[&quot;\Processor(_Total)\% Idle Time&quot;]</key>
                    </item>
                </graph_item>
                <graph_item>
                    <sortorder>1</sortorder>
                    <drawtype>0</drawtype>
                    <color>990000</color>
                    <yaxisside>1</yaxisside>
                    <calc_fnc>4</calc_fnc>
                    <type>0</type>
                    <item>
                        <host>WERNECK Template OS Windows</host>
                        <key>perf_counter[&quot;\Processor(_Total)\% Privileged Time&quot;]</key>
                    </item>
                </graph_item>
                <graph_item>
                    <sortorder>2</sortorder>
                    <drawtype>0</drawtype>
                    <color>000099</color>
                    <yaxisside>1</yaxisside>
                    <calc_fnc>4</calc_fnc>
                    <type>0</type>
                    <item>
                        <host>WERNECK Template OS Windows</host>
                        <key>perf_counter[&quot;\Processor(_Total)\% User Time&quot;]</key>
                    </item>
                </graph_item>
            </graph_items>
        </graph>
        <graph>
            <name>CPU (utilização) - Novo</name>
            <width>900</width>
            <height>200</height>
            <yaxismin>0.0000</yaxismin>
            <yaxismax>100.0000</yaxismax>
            <show_work_period>0</show_work_period>
            <show_triggers>0</show_triggers>
            <type>1</type>
            <show_legend>1</show_legend>
            <show_3d>0</show_3d>
            <percent_left>0.0000</percent_left>
            <percent_right>0.0000</percent_right>
            <ymin_type_1>1</ymin_type_1>
            <ymax_type_1>1</ymax_type_1>
            <ymin_item_1>0</ymin_item_1>
            <ymax_item_1>0</ymax_item_1>
            <graph_items>
                <graph_item>
                    <sortorder>0</sortorder>
                    <drawtype>0</drawtype>
                    <color>990000</color>
                    <yaxisside>1</yaxisside>
                    <calc_fnc>4</calc_fnc>
                    <type>0</type>
                    <item>
                        <host>WERNECK Template OS Windows</host>
                        <key>perf_counter[&quot;\Processor(_Total)\% Privileged Time&quot;]</key>
                    </item>
                </graph_item>
                <graph_item>
                    <sortorder>1</sortorder>
                    <drawtype>0</drawtype>
                    <color>000099</color>
                    <yaxisside>1</yaxisside>
                    <calc_fnc>4</calc_fnc>
                    <type>0</type>
                    <item>
                        <host>WERNECK Template OS Windows</host>
                        <key>perf_counter[&quot;\Processor(_Total)\% User Time&quot;]</key>
                    </item>
                </graph_item>
                <graph_item>
                    <sortorder>2</sortorder>
                    <drawtype>5</drawtype>
                    <color>009900</color>
                    <yaxisside>1</yaxisside>
                    <calc_fnc>4</calc_fnc>
                    <type>0</type>
                    <item>
                        <host>WERNECK Template OS Windows</host>
                        <key>perf_counter[&quot;\Processor(_Total)\% Idle Time&quot;]</key>
                    </item>
                </graph_item>
            </graph_items>
        </graph>
        <graph>
            <name>Memória (utilização)</name>
            <width>900</width>
            <height>200</height>
            <yaxismin>0.0000</yaxismin>
            <yaxismax>100.0000</yaxismax>
            <show_work_period>1</show_work_period>
            <show_triggers>1</show_triggers>
            <type>0</type>
            <show_legend>1</show_legend>
            <show_3d>0</show_3d>
            <percent_left>0.0000</percent_left>
            <percent_right>0.0000</percent_right>
            <ymin_type_1>0</ymin_type_1>
            <ymax_type_1>0</ymax_type_1>
            <ymin_item_1>0</ymin_item_1>
            <ymax_item_1>0</ymax_item_1>
            <graph_items>
                <graph_item>
                    <sortorder>0</sortorder>
                    <drawtype>0</drawtype>
                    <color>000000</color>
                    <yaxisside>0</yaxisside>
                    <calc_fnc>4</calc_fnc>
                    <type>0</type>
                    <item>
                        <host>WERNECK Template OS Windows</host>
                        <key>vm.memory.size[total]</key>
                    </item>
                </graph_item>
                <graph_item>
                    <sortorder>1</sortorder>
                    <drawtype>2</drawtype>
                    <color>CC0000</color>
                    <yaxisside>0</yaxisside>
                    <calc_fnc>4</calc_fnc>
                    <type>0</type>
                    <item>
                        <host>WERNECK Template OS Windows</host>
                        <key>vm.memory.size[used]</key>
                    </item>
                </graph_item>
                <graph_item>
                    <sortorder>2</sortorder>
                    <drawtype>2</drawtype>
                    <color>0000C8</color>
                    <yaxisside>0</yaxisside>
                    <calc_fnc>4</calc_fnc>
                    <type>0</type>
                    <item>
                        <host>WERNECK Template OS Windows</host>
                        <key>vm.memory.size[available]</key>
                    </item>
                </graph_item>
                <graph_item>
                    <sortorder>3</sortorder>
                    <drawtype>2</drawtype>
                    <color>00C8C8</color>
                    <yaxisside>0</yaxisside>
                    <calc_fnc>4</calc_fnc>
                    <type>0</type>
                    <item>
                        <host>WERNECK Template OS Windows</host>
                        <key>vm.memory.size[cached]</key>
                    </item>
                </graph_item>
            </graph_items>
        </graph>
        <graph>
            <name>Swap (utilização)</name>
            <width>600</width>
            <height>340</height>
            <yaxismin>0.0000</yaxismin>
            <yaxismax>0.0000</yaxismax>
            <show_work_period>0</show_work_period>
            <show_triggers>0</show_triggers>
            <type>2</type>
            <show_legend>1</show_legend>
            <show_3d>1</show_3d>
            <percent_left>0.0000</percent_left>
            <percent_right>0.0000</percent_right>
            <ymin_type_1>0</ymin_type_1>
            <ymax_type_1>0</ymax_type_1>
            <ymin_item_1>0</ymin_item_1>
            <ymax_item_1>0</ymax_item_1>
            <graph_items>
                <graph_item>
                    <sortorder>0</sortorder>
                    <drawtype>0</drawtype>
                    <color>00BB00</color>
                    <yaxisside>0</yaxisside>
                    <calc_fnc>9</calc_fnc>
                    <type>2</type>
                    <item>
                        <host>WERNECK Template OS Windows</host>
                        <key>system.swap.size[,total]</key>
                    </item>
                </graph_item>
                <graph_item>
                    <sortorder>1</sortorder>
                    <drawtype>0</drawtype>
                    <color>EE0000</color>
                    <yaxisside>0</yaxisside>
                    <calc_fnc>9</calc_fnc>
                    <type>0</type>
                    <item>
                        <host>WERNECK Template OS Windows</host>
                        <key>system.swap.size[,used]</key>
                    </item>
                </graph_item>
            </graph_items>
        </graph>
        <graph>
            <name>Zabbix_agentd - Consumo de recursos</name>
            <width>900</width>
            <height>200</height>
            <yaxismin>0.0000</yaxismin>
            <yaxismax>100.0000</yaxismax>
            <show_work_period>1</show_work_period>
            <show_triggers>1</show_triggers>
            <type>0</type>
            <show_legend>1</show_legend>
            <show_3d>0</show_3d>
            <percent_left>0.0000</percent_left>
            <percent_right>0.0000</percent_right>
            <ymin_type_1>0</ymin_type_1>
            <ymax_type_1>0</ymax_type_1>
            <ymin_item_1>0</ymin_item_1>
            <ymax_item_1>0</ymax_item_1>
            <graph_items>
                <graph_item>
                    <sortorder>1</sortorder>
                    <drawtype>0</drawtype>
                    <color>C80000</color>
                    <yaxisside>0</yaxisside>
                    <calc_fnc>4</calc_fnc>
                    <type>0</type>
                    <item>
                        <host>WERNECK Template App Zabbix Agent_Windows</host>
                        <key>proc_info[zabbix_agentd.exe,wkset,sum]</key>
                    </item>
                </graph_item>
                <graph_item>
                    <sortorder>0</sortorder>
                    <drawtype>0</drawtype>
                    <color>00C800</color>
                    <yaxisside>1</yaxisside>
                    <calc_fnc>4</calc_fnc>
                    <type>0</type>
                    <item>
                        <host>WERNECK Template App Zabbix Agent_Windows</host>
                        <key>perf_counter[&quot;\Process(zabbix_agentd)\Thread Count&quot;]</key>
                    </item>
                </graph_item>
            </graph_items>
        </graph>
    </graphs>
</zabbix_export>
